program_name,program_type,address,Link,lat,lon
Haley House,Food,"23 Dartmouth St, Boston, MA 02116",https://haleyhouse.org/,42.3436982,-71.0740189
East Boston Community Soup,Food,"28 Paris St, Boston, MA 02128",https://ebcsk.org/,42.37005765,-71.04019203482005
Boston HERC,Education,"62 Northampton St, Boston, MA 02118",https://www.bostonherc.org/mission-and-values/,42.3345882,-71.0760592
Boston University Upward Bound,Education,"2 Silber Way, Boston, MA 02215",https://www.bu.edu/ub/,42.3496261,-71.1005877
St. Francis House,Shelter,"39 Boylston StBoston, MA 02116",https://stfrancishouse.org/,,
HomeBase,Shelter,"1411 Tremont Street, Boston, MA 02120-3401",https://www.metrohousingboston.org/what-we-do/specialized-services/homebase/,42.331512101448745,-71.09576374709611
Fenway Health,Healthcare,"1340 Boylston Street, Boston, MA 02215",https://fenwayhealth.org/about/history/,42.34419441669825,-71.09886675508208
Boston Healthcare for the Homeless program,Healthcare,"780 Albany Street, Boston, MA 02118",https://www.bhchp.org/,42.333645250000004,-71.07279114401811
Boston Breastfeeding ,Maternal Support,"260 Washington Street, Dorchester",https://bostonbreastfeeding.weebly.com/greater-boston-calendar.html,42.30137508166628,-71.07654219589129
Boston Children's Hospital Maternal Fetal Care,Maternal Support,"300 Longwood Ave, Boston, MA 02115",https://www.childrenshospital.org/programs/maternal-fetal-care-center/research-innovation,42.3376838,-71.1045659
Massachusetts Behavioral Health Access (MABHA),Mental Health,"1000 Washington St Ste 310, Boston, MA 02118",https://www.mabhaccess.com/Home.aspx,,
Solomon Carter Fuller Mental Health Center,Mental Health,"85 E Newton St, Boston, MA 02118",https://www.mass.gov/locations/metro-boston-mental-health-unit-at-dr-solomon-carter-fuller-mental-health-center,42.336277100000004,-71.07085295687423
