serial_number,program_name,program_type,address,Link
1,Haley House,Food,"23 Dartmouth St, Boston, MA 02116",https://haleyhouse.org/
2,East Boston Community Soup,Food,"28 Paris St, Boston, MA 02128",https://ebcsk.org/
3,Boston HERC,Education,"62 Northampton St, Boston, MA 02118",https://www.bostonherc.org/mission-and-values/
4,Boston University Upward Bound,Education,"2 Silber Way, Boston, MA 02215",https://www.bu.edu/ub/
5,St. Francis House,Shelter,"39 Boylston StBoston, MA 02116",https://stfrancishouse.org/
6,HomeBase,Shelter,"1411 Tremont Street, Boston, MA 02120-3401",https://www.metrohousingboston.org/what-we-do/specialized-services/homebase/
7,Fenway Health,Healthcare,"1340 Boylston Street, Boston, MA 02215",https://fenwayhealth.org/about/history/
9,Boston Healthcare for the Homeless program,Healthcare,"780 Albany Street, Boston, MA 02118",https://www.bhchp.org/
10,Boston Breastfeeding ,Maternal Support,"260 Washington Street, Dorchester",https://bostonbreastfeeding.weebly.com/greater-boston-calendar.html
11,Boston Children's Hospital Maternal Fetal Care,Maternal Support,"300 Longwood Ave, Boston, MA 02115",https://www.childrenshospital.org/programs/maternal-fetal-care-center/research-innovation
12,Massachusetts Behavioral Health Access (MABHA),Mental Health,"1000 Washington St Ste 310, Boston, MA 02118",https://www.mabhaccess.com/Home.aspx
13,Solomon Carter Fuller Mental Health Center,Mental Health,"85 E Newton St, Boston, MA 02118",https://www.mass.gov/locations/metro-boston-mental-health-unit-at-dr-solomon-carter-fuller-mental-health-center